,accuracy_score,average_precision_score,f1_score,fn,fp,name,params_full,roc_auc_score,tn,tp
0,0.6524263790958109,0.5422337286150613,0.5603357817418677,848,1666,LinearSVR-C100epsilon0.1fit_interceptTruelossepsilon_insensitive--tfidf-ngram,"{'C': 100, 'epsilon': 0.1, 'fit_intercept': True, 'loss': 'epsilon_insensitive'}",0.7113739562310394,3117,1602
0,0.6713673441172404,0.5749407924663166,0.5815877486358035,798,1579,LinearSVR-C100epsilon0.1fit_interceptTruelosssquared_epsilon_insensitive--tfidf-ngram,"{'C': 100, 'epsilon': 0.1, 'fit_intercept': True, 'loss': 'squared_epsilon_insensitive'}",0.7354403136960408,3204,1652
0,0.6542236969445596,0.5159825646469399,0.5430294171386807,964,1537,LinearSVR-C100epsilon0.1fit_interceptFalselossepsilon_insensitive--tfidf-ngram,"{'C': 100, 'epsilon': 0.1, 'fit_intercept': False, 'loss': 'epsilon_insensitive'}",0.6888826498611152,3246,1486
0,0.6723351306511821,0.5456269617673306,0.5598068350668648,943,1427,LinearSVR-C100epsilon0.1fit_interceptFalselosssquared_epsilon_insensitive--tfidf-ngram,"{'C': 100, 'epsilon': 0.1, 'fit_intercept': False, 'loss': 'squared_epsilon_insensitive'}",0.7099082208672722,3356,1507
0,0.6206276786948707,0.4880112404072319,0.5294924554183813,906,1838,LinearSVR-C100epsilon0.01fit_interceptTruelossepsilon_insensitive--tfidf-ngram,"{'C': 100, 'epsilon': 0.01, 'fit_intercept': True, 'loss': 'epsilon_insensitive'}",0.667410258270149,2945,1544
0,0.6416424720033181,0.5239217039894526,0.5504682622268471,863,1729,LinearSVR-C100epsilon0.01fit_interceptTruelosssquared_epsilon_insensitive--tfidf-ngram,"{'C': 100, 'epsilon': 0.01, 'fit_intercept': True, 'loss': 'squared_epsilon_insensitive'}",0.6976393434229222,3054,1587
0,0.6210424443522743,0.4760864275030693,0.5130573814176586,1006,1735,LinearSVR-C100epsilon0.01fit_interceptFalselossepsilon_insensitive--tfidf-ngram,"{'C': 100, 'epsilon': 0.01, 'fit_intercept': False, 'loss': 'epsilon_insensitive'}",0.6533612667312377,3048,1444
0,0.6463431494538919,0.5084307145862412,0.5382671480144404,959,1599,LinearSVR-C100epsilon0.01fit_interceptFalselosssquared_epsilon_insensitive--tfidf-ngram,"{'C': 100, 'epsilon': 0.01, 'fit_intercept': False, 'loss': 'squared_epsilon_insensitive'}",0.6803999709856763,3184,1491
0,0.6189686160652564,0.4831754459009151,0.5236778430694781,935,1821,LinearSVR-C100epsilon0fit_interceptTruelossepsilon_insensitive--tfidf-ngram,"{'C': 100, 'epsilon': 0, 'fit_intercept': True, 'loss': 'epsilon_insensitive'}",0.6630884040841928,2962,1515
0,0.6403981750311074,0.5190290836637341,0.5477308294209702,875,1726,LinearSVR-C100epsilon0fit_interceptTruelosssquared_epsilon_insensitive--tfidf-ngram,"{'C': 100, 'epsilon': 0, 'fit_intercept': True, 'loss': 'squared_epsilon_insensitive'}",0.6936954434711371,3057,1575
0,0.6173095534356422,0.4723084775993852,0.5097414098476798,1011,1757,LinearSVR-C100epsilon0fit_interceptFalselossepsilon_insensitive--tfidf-ngram,"{'C': 100, 'epsilon': 0, 'fit_intercept': False, 'loss': 'epsilon_insensitive'}",0.6498571897920782,3026,1439
0,0.6435780450712014,0.5047672897495842,0.5363309352517985,959,1619,LinearSVR-C100epsilon0fit_interceptFalselosssquared_epsilon_insensitive--tfidf-ngram,"{'C': 100, 'epsilon': 0, 'fit_intercept': False, 'loss': 'squared_epsilon_insensitive'}",0.6772551596427825,3164,1491
0,0.6612747131204203,0.3387252868795797,0.0,2450,0,LinearSVR-C100epsilon1fit_interceptTruelossepsilon_insensitive--tfidf-ngram,"{'C': 100, 'epsilon': 1, 'fit_intercept': True, 'loss': 'epsilon_insensitive'}",0.5,4783,0
0,0.6612747131204203,0.3387252868795797,0.0,2450,0,LinearSVR-C100epsilon1fit_interceptTruelosssquared_epsilon_insensitive--tfidf-ngram,"{'C': 100, 'epsilon': 1, 'fit_intercept': True, 'loss': 'squared_epsilon_insensitive'}",0.5,4783,0
0,0.6612747131204203,0.3387252868795797,0.0,2450,0,LinearSVR-C100epsilon1fit_interceptFalselossepsilon_insensitive--tfidf-ngram,"{'C': 100, 'epsilon': 1, 'fit_intercept': False, 'loss': 'epsilon_insensitive'}",0.5,4783,0
0,0.6612747131204203,0.3387252868795797,0.0,2450,0,LinearSVR-C100epsilon1fit_interceptFalselosssquared_epsilon_insensitive--tfidf-ngram,"{'C': 100, 'epsilon': 1, 'fit_intercept': False, 'loss': 'squared_epsilon_insensitive'}",0.5,4783,0
0,0.6612747131204203,0.3387252868795797,0.0,2450,0,LinearSVR-C100epsilon2fit_interceptTruelossepsilon_insensitive--tfidf-ngram,"{'C': 100, 'epsilon': 2, 'fit_intercept': True, 'loss': 'epsilon_insensitive'}",0.5,4783,0
0,0.6612747131204203,0.3387252868795797,0.0,2450,0,LinearSVR-C100epsilon2fit_interceptTruelosssquared_epsilon_insensitive--tfidf-ngram,"{'C': 100, 'epsilon': 2, 'fit_intercept': True, 'loss': 'squared_epsilon_insensitive'}",0.5,4783,0
0,0.6612747131204203,0.3387252868795797,0.0,2450,0,LinearSVR-C100epsilon2fit_interceptFalselossepsilon_insensitive--tfidf-ngram,"{'C': 100, 'epsilon': 2, 'fit_intercept': False, 'loss': 'epsilon_insensitive'}",0.5,4783,0
0,0.6612747131204203,0.3387252868795797,0.0,2450,0,LinearSVR-C100epsilon2fit_interceptFalselosssquared_epsilon_insensitive--tfidf-ngram,"{'C': 100, 'epsilon': 2, 'fit_intercept': False, 'loss': 'squared_epsilon_insensitive'}",0.5,4783,0
0,0.6802156781418498,0.5990367201504749,0.5899663180287182,786,1527,LinearSVR-C10epsilon0.1fit_interceptTruelossepsilon_insensitive--tfidf-ngram,"{'C': 10, 'epsilon': 0.1, 'fit_intercept': True, 'loss': 'epsilon_insensitive'}",0.7520744814756344,3256,1664
0,0.7234895617309554,0.6772207605712336,0.643112062812277,648,1352,LinearSVR-C10epsilon0.1fit_interceptTruelosssquared_epsilon_insensitive--tfidf-ngram,"{'C': 10, 'epsilon': 0.1, 'fit_intercept': True, 'loss': 'squared_epsilon_insensitive'}",0.8016142204320574,3431,1802
0,0.6803539333609844,0.5708931421344744,0.5659031167855801,943,1369,LinearSVR-C10epsilon0.1fit_interceptFalselossepsilon_insensitive--tfidf-ngram,"{'C': 10, 'epsilon': 0.1, 'fit_intercept': False, 'loss': 'epsilon_insensitive'}",0.725820614676981,3414,1507
0,0.7086962532835615,0.6231044615533352,0.5944177093358998,906,1201,LinearSVR-C10epsilon0.1fit_interceptFalselosssquared_epsilon_insensitive--tfidf-ngram,"{'C': 10, 'epsilon': 0.1, 'fit_intercept': False, 'loss': 'squared_epsilon_insensitive'}",0.7647733682643034,3582,1544
0,0.6641780727222453,0.5626855485362278,0.5725849023403132,823,1606,LinearSVR-C10epsilon0.01fit_interceptTruelossepsilon_insensitive--tfidf-ngram,"{'C': 10, 'epsilon': 0.01, 'fit_intercept': True, 'loss': 'epsilon_insensitive'}",0.7253012582829494,3177,1627
0,0.7044103414903913,0.6407999781303536,0.6195729537366549,709,1429,LinearSVR-C10epsilon0.01fit_interceptTruelosssquared_epsilon_insensitive--tfidf-ngram,"{'C': 10, 'epsilon': 0.01, 'fit_intercept': True, 'loss': 'squared_epsilon_insensitive'}",0.7785199281468809,3354,1741
0,0.6647310935987834,0.5459341447811787,0.5536535983802687,946,1479,LinearSVR-C10epsilon0.01fit_interceptFalselossepsilon_insensitive--tfidf-ngram,"{'C': 10, 'epsilon': 0.01, 'fit_intercept': False, 'loss': 'epsilon_insensitive'}",0.7047587757662128,3304,1504
0,0.6970828148762616,0.6019707068372355,0.5848019708167519,907,1284,LinearSVR-C10epsilon0.01fit_interceptFalselosssquared_epsilon_insensitive--tfidf-ngram,"{'C': 10, 'epsilon': 0.01, 'fit_intercept': False, 'loss': 'squared_epsilon_insensitive'}",0.7482130163376244,3499,1543
0,0.6632102861883036,0.5602261202607295,0.5712777191129884,827,1609,LinearSVR-C10epsilon0fit_interceptTruelossepsilon_insensitive--tfidf-ngram,"{'C': 10, 'epsilon': 0, 'fit_intercept': True, 'loss': 'epsilon_insensitive'}",0.7233485942986855,3174,1623
0,0.7019217475459698,0.6367784500045669,0.6166429587482218,716,1440,LinearSVR-C10epsilon0fit_interceptTruelosssquared_epsilon_insensitive--tfidf-ngram,"{'C': 10, 'epsilon': 0, 'fit_intercept': True, 'loss': 'squared_epsilon_insensitive'}",0.7758511223849773,3343,1734
0,0.6643163279413797,0.5441071809479422,0.5536764705882353,944,1484,LinearSVR-C10epsilon0fit_interceptFalselossepsilon_insensitive--tfidf-ngram,"{'C': 10, 'epsilon': 0, 'fit_intercept': False, 'loss': 'epsilon_insensitive'}",0.7030184283623548,3299,1506
0,0.69611502834232,0.5995229511705085,0.5848129958443521,902,1296,LinearSVR-C10epsilon0fit_interceptFalselosssquared_epsilon_insensitive--tfidf-ngram,"{'C': 10, 'epsilon': 0, 'fit_intercept': False, 'loss': 'squared_epsilon_insensitive'}",0.7462391036280706,3487,1548
0,0.6612747131204203,0.3387252868795797,0.0,2450,0,LinearSVR-C10epsilon1fit_interceptTruelossepsilon_insensitive--tfidf-ngram,"{'C': 10, 'epsilon': 1, 'fit_intercept': True, 'loss': 'epsilon_insensitive'}",0.5,4783,0
0,0.6612747131204203,0.3387252868795797,0.0,2450,0,LinearSVR-C10epsilon1fit_interceptTruelosssquared_epsilon_insensitive--tfidf-ngram,"{'C': 10, 'epsilon': 1, 'fit_intercept': True, 'loss': 'squared_epsilon_insensitive'}",0.5,4783,0
0,0.6612747131204203,0.3387252868795797,0.0,2450,0,LinearSVR-C10epsilon1fit_interceptFalselossepsilon_insensitive--tfidf-ngram,"{'C': 10, 'epsilon': 1, 'fit_intercept': False, 'loss': 'epsilon_insensitive'}",0.5,4783,0
0,0.6612747131204203,0.3387252868795797,0.0,2450,0,LinearSVR-C10epsilon1fit_interceptFalselosssquared_epsilon_insensitive--tfidf-ngram,"{'C': 10, 'epsilon': 1, 'fit_intercept': False, 'loss': 'squared_epsilon_insensitive'}",0.5,4783,0
0,0.6612747131204203,0.3387252868795797,0.0,2450,0,LinearSVR-C10epsilon2fit_interceptTruelossepsilon_insensitive--tfidf-ngram,"{'C': 10, 'epsilon': 2, 'fit_intercept': True, 'loss': 'epsilon_insensitive'}",0.5,4783,0
0,0.6612747131204203,0.3387252868795797,0.0,2450,0,LinearSVR-C10epsilon2fit_interceptTruelosssquared_epsilon_insensitive--tfidf-ngram,"{'C': 10, 'epsilon': 2, 'fit_intercept': True, 'loss': 'squared_epsilon_insensitive'}",0.5,4783,0
0,0.6612747131204203,0.3387252868795797,0.0,2450,0,LinearSVR-C10epsilon2fit_interceptFalselossepsilon_insensitive--tfidf-ngram,"{'C': 10, 'epsilon': 2, 'fit_intercept': False, 'loss': 'epsilon_insensitive'}",0.5,4783,0
0,0.6612747131204203,0.3387252868795797,0.0,2450,0,LinearSVR-C10epsilon2fit_interceptFalselosssquared_epsilon_insensitive--tfidf-ngram,"{'C': 10, 'epsilon': 2, 'fit_intercept': False, 'loss': 'squared_epsilon_insensitive'}",0.5,4783,0
0,0.7652426379095811,0.7493336850752506,0.6912727272727273,549,1149,LinearSVR-C1.0epsilon0.1fit_interceptTruelossepsilon_insensitive--tfidf-ngram,"{'C': 1.0, 'epsilon': 0.1, 'fit_intercept': True, 'loss': 'epsilon_insensitive'}",0.8464541509683531,3634,1901
0,0.7868104520945666,0.7902599069406567,0.717478930010993,492,1050,LinearSVR-C1.0epsilon0.1fit_interceptTruelosssquared_epsilon_insensitive--tfidf-ngram,"{'C': 1.0, 'epsilon': 0.1, 'fit_intercept': True, 'loss': 'squared_epsilon_insensitive'}",0.8739057119816356,3733,1958
0,0.7440895893819992,0.6802919083248472,0.6374142997061705,823,1028,LinearSVR-C1.0epsilon0.1fit_interceptFalselossepsilon_insensitive--tfidf-ngram,"{'C': 1.0, 'epsilon': 0.1, 'fit_intercept': False, 'loss': 'epsilon_insensitive'}",0.8087332260941174,3755,1627
0,0.7570855799806443,0.6858440987910464,0.643248730964467,866,891,LinearSVR-C1.0epsilon0.1fit_interceptFalselosssquared_epsilon_insensitive--tfidf-ngram,"{'C': 1.0, 'epsilon': 0.1, 'fit_intercept': False, 'loss': 'squared_epsilon_insensitive'}",0.8164670794096439,3892,1584
0,0.7529379234066086,0.735566318621179,0.6785393056305091,564,1223,LinearSVR-C1.0epsilon0.01fit_interceptTruelossepsilon_insensitive--tfidf-ngram,"{'C': 1.0, 'epsilon': 0.01, 'fit_intercept': True, 'loss': 'epsilon_insensitive'}",0.838082323876655,3560,1886
0,0.7775473524125536,0.7770233131886349,0.7060113283391193,518,1091,LinearSVR-C1.0epsilon0.01fit_interceptTruelosssquared_epsilon_insensitive--tfidf-ngram,"{'C': 1.0, 'epsilon': 0.01, 'fit_intercept': True, 'loss': 'squared_epsilon_insensitive'}",0.8652434856443099,3692,1932
0,0.7402184432462325,0.6757554514606221,0.63422230874051,821,1058,LinearSVR-C1.0epsilon0.01fit_interceptFalselossepsilon_insensitive--tfidf-ngram,"{'C': 1.0, 'epsilon': 0.01, 'fit_intercept': False, 'loss': 'epsilon_insensitive'}",0.8043559033481675,3725,1629
0,0.7532144338448776,0.6873943971577404,0.6404833836858005,860,925,LinearSVR-C1.0epsilon0.01fit_interceptFalselosssquared_epsilon_insensitive--tfidf-ngram,"{'C': 1.0, 'epsilon': 0.01, 'fit_intercept': False, 'loss': 'squared_epsilon_insensitive'}",0.8153276698511309,3858,1590
0,0.7525231577492051,0.7335078721464658,0.6780575539568345,565,1225,LinearSVR-C1.0epsilon0fit_interceptTruelossepsilon_insensitive--tfidf-ngram,"{'C': 1.0, 'epsilon': 0, 'fit_intercept': True, 'loss': 'epsilon_insensitive'}",0.8367973306822207,3558,1885
0,0.7769943315360155,0.7754064411528059,0.7053881278538813,519,1094,LinearSVR-C1.0epsilon0fit_interceptTruelosssquared_epsilon_insensitive--tfidf-ngram,"{'C': 1.0, 'epsilon': 0, 'fit_intercept': True, 'loss': 'squared_epsilon_insensitive'}",0.8642423208045501,3689,1931
0,0.7386976358357528,0.6747655741937593,0.6320093457943926,827,1063,LinearSVR-C1.0epsilon0fit_interceptFalselossepsilon_insensitive--tfidf-ngram,"{'C': 1.0, 'epsilon': 0, 'fit_intercept': False, 'loss': 'epsilon_insensitive'}",0.8034835109038387,3720,1623
0,0.7532144338448776,0.6871578755306845,0.6404833836858005,860,925,LinearSVR-C1.0epsilon0fit_interceptFalselosssquared_epsilon_insensitive--tfidf-ngram,"{'C': 1.0, 'epsilon': 0, 'fit_intercept': False, 'loss': 'squared_epsilon_insensitive'}",0.8149626867263736,3858,1590
0,0.6612747131204203,0.3387252868795797,0.0,2450,0,LinearSVR-C1.0epsilon1fit_interceptTruelossepsilon_insensitive--tfidf-ngram,"{'C': 1.0, 'epsilon': 1, 'fit_intercept': True, 'loss': 'epsilon_insensitive'}",0.5,4783,0
0,0.6612747131204203,0.3387252868795797,0.0,2450,0,LinearSVR-C1.0epsilon1fit_interceptTruelosssquared_epsilon_insensitive--tfidf-ngram,"{'C': 1.0, 'epsilon': 1, 'fit_intercept': True, 'loss': 'squared_epsilon_insensitive'}",0.5,4783,0
0,0.6612747131204203,0.3387252868795797,0.0,2450,0,LinearSVR-C1.0epsilon1fit_interceptFalselossepsilon_insensitive--tfidf-ngram,"{'C': 1.0, 'epsilon': 1, 'fit_intercept': False, 'loss': 'epsilon_insensitive'}",0.5,4783,0
0,0.6612747131204203,0.3387252868795797,0.0,2450,0,LinearSVR-C1.0epsilon1fit_interceptFalselosssquared_epsilon_insensitive--tfidf-ngram,"{'C': 1.0, 'epsilon': 1, 'fit_intercept': False, 'loss': 'squared_epsilon_insensitive'}",0.5,4783,0
0,0.6612747131204203,0.3387252868795797,0.0,2450,0,LinearSVR-C1.0epsilon2fit_interceptTruelossepsilon_insensitive--tfidf-ngram,"{'C': 1.0, 'epsilon': 2, 'fit_intercept': True, 'loss': 'epsilon_insensitive'}",0.5,4783,0
0,0.6612747131204203,0.3387252868795797,0.0,2450,0,LinearSVR-C1.0epsilon2fit_interceptTruelosssquared_epsilon_insensitive--tfidf-ngram,"{'C': 1.0, 'epsilon': 2, 'fit_intercept': True, 'loss': 'squared_epsilon_insensitive'}",0.5,4783,0
0,0.6612747131204203,0.3387252868795797,0.0,2450,0,LinearSVR-C1.0epsilon2fit_interceptFalselossepsilon_insensitive--tfidf-ngram,"{'C': 1.0, 'epsilon': 2, 'fit_intercept': False, 'loss': 'epsilon_insensitive'}",0.5,4783,0
0,0.6612747131204203,0.3387252868795797,0.0,2450,0,LinearSVR-C1.0epsilon2fit_interceptFalselosssquared_epsilon_insensitive--tfidf-ngram,"{'C': 1.0, 'epsilon': 2, 'fit_intercept': False, 'loss': 'squared_epsilon_insensitive'}",0.5,4783,0
0,0.8047836305820545,0.8137936189957775,0.739867354458364,442,970,LinearSVR-C0.1epsilon0.1fit_interceptTruelossepsilon_insensitive--tfidf-ngram,"{'C': 0.1, 'epsilon': 0.1, 'fit_intercept': True, 'loss': 'epsilon_insensitive'}",0.8905171803197548,3813,2008
0,0.8137702198257984,0.8311024693664535,0.7493953488372093,436,911,LinearSVR-C0.1epsilon0.1fit_interceptTruelosssquared_epsilon_insensitive--tfidf-ngram,"{'C': 0.1, 'epsilon': 0.1, 'fit_intercept': True, 'loss': 'squared_epsilon_insensitive'}",0.9016024440300896,3872,2014
0,0.7619245126503525,0.6884416717648392,0.602309468822171,1146,576,LinearSVR-C0.1epsilon0.1fit_interceptFalselossepsilon_insensitive--tfidf-ngram,"{'C': 0.1, 'epsilon': 0.1, 'fit_intercept': False, 'loss': 'epsilon_insensitive'}",0.8152326906091727,4207,1304
0,0.7359325314530624,0.616169573351412,0.5611213235294117,1229,681,LinearSVR-C0.1epsilon0.1fit_interceptFalselosssquared_epsilon_insensitive--tfidf-ngram,"{'C': 0.1, 'epsilon': 0.1, 'fit_intercept': False, 'loss': 'squared_epsilon_insensitive'}",0.7793307931577398,4102,1221
0,0.8017420157610949,0.8117925719668269,0.7347391786903441,464,970,LinearSVR-C0.1epsilon0.01fit_interceptTruelossepsilon_insensitive--tfidf-ngram,"{'C': 0.1, 'epsilon': 0.01, 'fit_intercept': True, 'loss': 'epsilon_insensitive'}",0.8890019499332245,3813,1986
0,0.8125259228535877,0.8298742652494987,0.7483296213808464,434,922,LinearSVR-C0.1epsilon0.01fit_interceptTruelosssquared_epsilon_insensitive--tfidf-ngram,"{'C': 0.1, 'epsilon': 0.01, 'fit_intercept': True, 'loss': 'squared_epsilon_insensitive'}",0.900634133645095,3861,2016
0,0.7657956587861192,0.7056714530728831,0.5912162162162162,1225,469,LinearSVR-C0.1epsilon0.01fit_interceptFalselossepsilon_insensitive--tfidf-ngram,"{'C': 0.1, 'epsilon': 0.01, 'fit_intercept': False, 'loss': 'epsilon_insensitive'}",0.822421928001809,4314,1225
0,0.7497580533665146,0.6444167293036197,0.5897552130553037,1149,661,LinearSVR-C0.1epsilon0.01fit_interceptFalselosssquared_epsilon_insensitive--tfidf-ngram,"{'C': 0.1, 'epsilon': 0.01, 'fit_intercept': False, 'loss': 'squared_epsilon_insensitive'}",0.7959544645790577,4122,1301
0,0.8016037605419605,0.8112561323676551,0.7340129749768305,470,965,LinearSVR-C0.1epsilon0fit_interceptTruelossepsilon_insensitive--tfidf-ngram,"{'C': 0.1, 'epsilon': 0, 'fit_intercept': True, 'loss': 'epsilon_insensitive'}",0.8885952373841026,3818,1980
0,0.8123876676344532,0.8296226464728577,0.7480972712084648,435,922,LinearSVR-C0.1epsilon0fit_interceptTruelosssquared_epsilon_insensitive--tfidf-ngram,"{'C': 0.1, 'epsilon': 0, 'fit_intercept': True, 'loss': 'squared_epsilon_insensitive'}",0.9004711414149603,3861,2015
0,0.7671782109774644,0.7065302450988697,0.5912621359223301,1232,452,LinearSVR-C0.1epsilon0fit_interceptFalselossepsilon_insensitive--tfidf-ngram,"{'C': 0.1, 'epsilon': 0, 'fit_intercept': False, 'loss': 'epsilon_insensitive'}",0.8226072783284336,4331,1218
0,0.7510023503387253,0.6469084053855957,0.5920724801812004,1143,658,LinearSVR-C0.1epsilon0fit_interceptFalselosssquared_epsilon_insensitive--tfidf-ngram,"{'C': 0.1, 'epsilon': 0, 'fit_intercept': False, 'loss': 'squared_epsilon_insensitive'}",0.7974698656380804,4125,1307
0,0.6612747131204203,0.3387252868795797,0.0,2450,0,LinearSVR-C0.1epsilon1fit_interceptTruelossepsilon_insensitive--tfidf-ngram,"{'C': 0.1, 'epsilon': 1, 'fit_intercept': True, 'loss': 'epsilon_insensitive'}",0.5,4783,0
0,0.6612747131204203,0.3387252868795797,0.0,2450,0,LinearSVR-C0.1epsilon1fit_interceptTruelosssquared_epsilon_insensitive--tfidf-ngram,"{'C': 0.1, 'epsilon': 1, 'fit_intercept': True, 'loss': 'squared_epsilon_insensitive'}",0.5,4783,0
0,0.6612747131204203,0.3387252868795797,0.0,2450,0,LinearSVR-C0.1epsilon1fit_interceptFalselossepsilon_insensitive--tfidf-ngram,"{'C': 0.1, 'epsilon': 1, 'fit_intercept': False, 'loss': 'epsilon_insensitive'}",0.5,4783,0
0,0.6612747131204203,0.3387252868795797,0.0,2450,0,LinearSVR-C0.1epsilon1fit_interceptFalselosssquared_epsilon_insensitive--tfidf-ngram,"{'C': 0.1, 'epsilon': 1, 'fit_intercept': False, 'loss': 'squared_epsilon_insensitive'}",0.5,4783,0
0,0.6612747131204203,0.3387252868795797,0.0,2450,0,LinearSVR-C0.1epsilon2fit_interceptTruelossepsilon_insensitive--tfidf-ngram,"{'C': 0.1, 'epsilon': 2, 'fit_intercept': True, 'loss': 'epsilon_insensitive'}",0.5,4783,0
0,0.6612747131204203,0.3387252868795797,0.0,2450,0,LinearSVR-C0.1epsilon2fit_interceptTruelosssquared_epsilon_insensitive--tfidf-ngram,"{'C': 0.1, 'epsilon': 2, 'fit_intercept': True, 'loss': 'squared_epsilon_insensitive'}",0.5,4783,0
0,0.6612747131204203,0.3387252868795797,0.0,2450,0,LinearSVR-C0.1epsilon2fit_interceptFalselossepsilon_insensitive--tfidf-ngram,"{'C': 0.1, 'epsilon': 2, 'fit_intercept': False, 'loss': 'epsilon_insensitive'}",0.5,4783,0
0,0.6612747131204203,0.3387252868795797,0.0,2450,0,LinearSVR-C0.1epsilon2fit_interceptFalselosssquared_epsilon_insensitive--tfidf-ngram,"{'C': 0.1, 'epsilon': 2, 'fit_intercept': False, 'loss': 'squared_epsilon_insensitive'}",0.5,4783,0
0,0.6612747131204203,0.7666536384978422,0.0,2450,0,LinearSVR-C0.001epsilon0.1fit_interceptTruelossepsilon_insensitive--tfidf-ngram,"{'C': 0.001, 'epsilon': 0.1, 'fit_intercept': True, 'loss': 'epsilon_insensitive'}",0.8700113923888603,4783,0
0,0.6854693764689617,0.7362730401948319,0.13923571698827092,2266,9,LinearSVR-C0.001epsilon0.1fit_interceptTruelosssquared_epsilon_insensitive--tfidf-ngram,"{'C': 0.001, 'epsilon': 0.1, 'fit_intercept': True, 'loss': 'squared_epsilon_insensitive'}",0.8473250926964975,4774,184
0,0.6612747131204203,0.394969842848224,0.0,2450,0,LinearSVR-C0.001epsilon0.1fit_interceptFalselossepsilon_insensitive--tfidf-ngram,"{'C': 0.001, 'epsilon': 0.1, 'fit_intercept': False, 'loss': 'epsilon_insensitive'}",0.5776227028549241,4783,0
0,0.6612747131204203,0.3892392170895498,0.0,2450,0,LinearSVR-C0.001epsilon0.1fit_interceptFalselosssquared_epsilon_insensitive--tfidf-ngram,"{'C': 0.001, 'epsilon': 0.1, 'fit_intercept': False, 'loss': 'squared_epsilon_insensitive'}",0.5735474704203237,4783,0
0,0.6612747131204203,0.7682390148539617,0.0,2450,0,LinearSVR-C0.001epsilon0.01fit_interceptTruelossepsilon_insensitive--tfidf-ngram,"{'C': 0.001, 'epsilon': 0.01, 'fit_intercept': True, 'loss': 'epsilon_insensitive'}",0.8698589818532472,4783,0
0,0.693211668740495,0.7459616410871645,0.18329039381670958,2201,18,LinearSVR-C0.001epsilon0.01fit_interceptTruelosssquared_epsilon_insensitive--tfidf-ngram,"{'C': 0.001, 'epsilon': 0.01, 'fit_intercept': True, 'loss': 'squared_epsilon_insensitive'}",0.8543981874581319,4765,249
0,0.6612747131204203,0.567385139592328,0.0,2450,0,LinearSVR-C0.001epsilon0.01fit_interceptFalselossepsilon_insensitive--tfidf-ngram,"{'C': 0.001, 'epsilon': 0.01, 'fit_intercept': False, 'loss': 'epsilon_insensitive'}",0.7117970533394207,4783,0
0,0.6612747131204203,0.39780699239651773,0.0,2450,0,LinearSVR-C0.001epsilon0.01fit_interceptFalselosssquared_epsilon_insensitive--tfidf-ngram,"{'C': 0.001, 'epsilon': 0.01, 'fit_intercept': False, 'loss': 'squared_epsilon_insensitive'}",0.5824361791549152,4783,0
0,0.6612747131204203,0.768093619403428,0.0,2450,0,LinearSVR-C0.001epsilon0fit_interceptTruelossepsilon_insensitive--tfidf-ngram,"{'C': 0.001, 'epsilon': 0, 'fit_intercept': True, 'loss': 'epsilon_insensitive'}",0.8695759215247881,4783,0
0,0.6944559657127056,0.7468367557043624,0.19047619047619047,2190,20,LinearSVR-C0.001epsilon0fit_interceptTruelosssquared_epsilon_insensitive--tfidf-ngram,"{'C': 0.001, 'epsilon': 0, 'fit_intercept': True, 'loss': 'squared_epsilon_insensitive'}",0.8549936637837239,4763,260
0,0.6612747131204203,0.666544083803129,0.0,2450,0,LinearSVR-C0.001epsilon0fit_interceptFalselossepsilon_insensitive--tfidf-ngram,"{'C': 0.001, 'epsilon': 0, 'fit_intercept': False, 'loss': 'epsilon_insensitive'}",0.7924545691159591,4783,0
0,0.6612747131204203,0.39908422398821175,0.0,2450,0,LinearSVR-C0.001epsilon0fit_interceptFalselosssquared_epsilon_insensitive--tfidf-ngram,"{'C': 0.001, 'epsilon': 0, 'fit_intercept': False, 'loss': 'squared_epsilon_insensitive'}",0.5838785323872389,4783,0
0,0.6612747131204203,0.3387252868795797,0.0,2450,0,LinearSVR-C0.001epsilon1fit_interceptTruelossepsilon_insensitive--tfidf-ngram,"{'C': 0.001, 'epsilon': 1, 'fit_intercept': True, 'loss': 'epsilon_insensitive'}",0.5,4783,0
0,0.6612747131204203,0.3387252868795797,0.0,2450,0,LinearSVR-C0.001epsilon1fit_interceptTruelosssquared_epsilon_insensitive--tfidf-ngram,"{'C': 0.001, 'epsilon': 1, 'fit_intercept': True, 'loss': 'squared_epsilon_insensitive'}",0.5,4783,0
0,0.6612747131204203,0.3387252868795797,0.0,2450,0,LinearSVR-C0.001epsilon1fit_interceptFalselossepsilon_insensitive--tfidf-ngram,"{'C': 0.001, 'epsilon': 1, 'fit_intercept': False, 'loss': 'epsilon_insensitive'}",0.5,4783,0
0,0.6612747131204203,0.3387252868795797,0.0,2450,0,LinearSVR-C0.001epsilon1fit_interceptFalselosssquared_epsilon_insensitive--tfidf-ngram,"{'C': 0.001, 'epsilon': 1, 'fit_intercept': False, 'loss': 'squared_epsilon_insensitive'}",0.5,4783,0
0,0.6612747131204203,0.3387252868795797,0.0,2450,0,LinearSVR-C0.001epsilon2fit_interceptTruelossepsilon_insensitive--tfidf-ngram,"{'C': 0.001, 'epsilon': 2, 'fit_intercept': True, 'loss': 'epsilon_insensitive'}",0.5,4783,0
0,0.6612747131204203,0.3387252868795797,0.0,2450,0,LinearSVR-C0.001epsilon2fit_interceptTruelosssquared_epsilon_insensitive--tfidf-ngram,"{'C': 0.001, 'epsilon': 2, 'fit_intercept': True, 'loss': 'squared_epsilon_insensitive'}",0.5,4783,0
0,0.6612747131204203,0.3387252868795797,0.0,2450,0,LinearSVR-C0.001epsilon2fit_interceptFalselossepsilon_insensitive--tfidf-ngram,"{'C': 0.001, 'epsilon': 2, 'fit_intercept': False, 'loss': 'epsilon_insensitive'}",0.5,4783,0
0,0.6612747131204203,0.3387252868795797,0.0,2450,0,LinearSVR-C0.001epsilon2fit_interceptFalselosssquared_epsilon_insensitive--tfidf-ngram,"{'C': 0.001, 'epsilon': 2, 'fit_intercept': False, 'loss': 'squared_epsilon_insensitive'}",0.5,4783,0
0,0.7785151389464953,0.7848699696194645,0.7095721537345904,493,1109,LogisticRegression-C100class_weightNonen_jobs-1penaltynonesolversaga--tfidf-ngram,"{'C': 100, 'class_weight': None, 'n_jobs': -1, 'penalty': 'none', 'solver': 'saga'}",0.8690043393481165,3674,1957
0,0.7852896446840868,0.7940380794137566,0.7170705046456549,482,1071,LogisticRegression-C100class_weightNonen_jobs-1penaltyl2solversaga--tfidf-ngram,"{'C': 100, 'class_weight': None, 'n_jobs': -1, 'penalty': 'l2', 'solver': 'saga'}",0.8755871773756545,3712,1968
0,0.7848748790266833,0.795673209896056,0.7153311379436516,495,1061,LogisticRegression-C100class_weightNonen_jobs-1penaltyl1solversaga--tfidf-ngram,"{'C': 100, 'class_weight': None, 'n_jobs': -1, 'penalty': 'l1', 'solver': 'saga'}",0.8764326035662018,3722,1955
0,0.7779621180699572,0.7844939866860341,0.7082122093023256,501,1105,LogisticRegression-C100class_weightbalancedn_jobs-1penaltynonesolversaga--tfidf-ngram,"{'C': 100, 'class_weight': 'balanced', 'n_jobs': -1, 'penalty': 'none', 'solver': 'saga'}",0.8689066293462817,3678,1949
0,0.7850131342458178,0.793818343884499,0.7170154686078252,480,1075,LogisticRegression-C100class_weightbalancedn_jobs-1penaltyl2solversaga--tfidf-ngram,"{'C': 100, 'class_weight': 'balanced', 'n_jobs': -1, 'penalty': 'l2', 'solver': 'saga'}",0.8755094360554175,3708,1970
0,0.7854278999032214,0.7959658710974152,0.7162705667276051,491,1061,LogisticRegression-C100class_weightbalancedn_jobs-1penaltyl1solversaga--tfidf-ngram,"{'C': 100, 'class_weight': 'balanced', 'n_jobs': -1, 'penalty': 'l1', 'solver': 'saga'}",0.8765447353936348,3722,1959
0,0.7789299046038988,0.7848366998858516,0.7096422734701289,496,1103,LogisticRegression-C50class_weightNonen_jobs-1penaltynonesolversaga--tfidf-ngram,"{'C': 50, 'class_weight': None, 'n_jobs': -1, 'penalty': 'none', 'solver': 'saga'}",0.8692833888730068,3680,1954
0,0.7901285773537952,0.8014669709029273,0.7218761451080983,480,1038,LogisticRegression-C50class_weightNonen_jobs-1penaltyl2solversaga--tfidf-ngram,"{'C': 50, 'class_weight': None, 'n_jobs': -1, 'penalty': 'l2', 'solver': 'saga'}",0.880637632431187,3745,1970
0,0.7935849578321582,0.8037497746120829,0.72610530177949,471,1022,LogisticRegression-C50class_weightNonen_jobs-1penaltyl1solversaga--tfidf-ngram,"{'C': 50, 'class_weight': None, 'n_jobs': -1, 'penalty': 'l1', 'solver': 'saga'}",0.881914774690976,3761,1979
0,0.7796211806995714,0.7841259070199398,0.7098653076082999,500,1094,LogisticRegression-C50class_weightbalancedn_jobs-1penaltynonesolversaga--tfidf-ngram,"{'C': 50, 'class_weight': 'balanced', 'n_jobs': -1, 'penalty': 'none', 'solver': 'saga'}",0.8685802182047814,3689,1950
0,0.7904050877920642,0.8014380529948543,0.722140762463343,480,1036,LogisticRegression-C50class_weightbalancedn_jobs-1penaltyl2solversaga--tfidf-ngram,"{'C': 50, 'class_weight': 'balanced', 'n_jobs': -1, 'penalty': 'l2', 'solver': 'saga'}",0.8806164690421434,3747,1970
0,0.7931701921747546,0.8040701620855462,0.7254038179148311,474,1022,LogisticRegression-C50class_weightbalancedn_jobs-1penaltyl1solversaga--tfidf-ngram,"{'C': 50, 'class_weight': 'balanced', 'n_jobs': -1, 'penalty': 'l1', 'solver': 'saga'}",0.8821470599529797,3761,1976
0,0.7798976911378405,0.7847018995924838,0.7108608790410461,493,1099,LogisticRegression-C20class_weightNonen_jobs-1penaltynonesolversaga--tfidf-ngram,"{'C': 20, 'class_weight': None, 'n_jobs': -1, 'penalty': 'none', 'solver': 'saga'}",0.8692204107233527,3684,1957
0,0.8004977187888843,0.814315554881272,0.7336163928373639,463,980,LogisticRegression-C20class_weightNonen_jobs-1penaltyl2solversaga--tfidf-ngram,"{'C': 20, 'class_weight': None, 'n_jobs': -1, 'penalty': 'l2', 'solver': 'saga'}",0.8892848395891912,3803,1987
0,0.805198396239458,0.8167823874928168,0.7394118734973183,451,958,LogisticRegression-C20class_weightNonen_jobs-1penaltyl1solversaga--tfidf-ngram,"{'C': 20, 'class_weight': None, 'n_jobs': -1, 'penalty': 'l1', 'solver': 'saga'}",0.8907905549842768,3825,1999
0,0.7792064150421678,0.7845551503124861,0.7097946574595676,497,1100,LogisticRegression-C20class_weightbalancedn_jobs-1penaltynonesolversaga--tfidf-ngram,"{'C': 20, 'class_weight': 'balanced', 'n_jobs': -1, 'penalty': 'none', 'solver': 'saga'}",0.8690575891657102,3683,1953
0,0.8006359740080188,0.8143041866769172,0.7337518463810929,463,979,LogisticRegression-C20class_weightbalancedn_jobs-1penaltyl2solversaga--tfidf-ngram,"{'C': 20, 'class_weight': 'balanced', 'n_jobs': -1, 'penalty': 'l2', 'solver': 'saga'}",0.8892792073969458,3804,1987
0,0.8057514171159962,0.8171032060196387,0.7401516552616978,449,956,LogisticRegression-C20class_weightbalancedn_jobs-1penaltyl1solversaga--tfidf-ngram,"{'C': 20, 'class_weight': 'balanced', 'n_jobs': -1, 'penalty': 'l1', 'solver': 'saga'}",0.8908854062218656,3827,2001
0,0.7792064150421678,0.7846267327444257,0.7101107278998003,494,1103,LogisticRegression-C10class_weightNonen_jobs-1penaltynonesolversaga--tfidf-ngram,"{'C': 10, 'class_weight': None, 'n_jobs': -1, 'penalty': 'none', 'solver': 'saga'}",0.8690423993138966,3680,1956
0,0.8076869901838795,0.8236717724936646,0.7414978628507712,455,936,LogisticRegression-C10class_weightNonen_jobs-1penaltyl2solversaga--tfidf-ngram,"{'C': 10, 'class_weight': None, 'n_jobs': -1, 'penalty': 'l2', 'solver': 'saga'}",0.8955929802403922,3847,1995
0,0.8116963915387806,0.8295266085058334,0.7474972191323692,434,928,LogisticRegression-C10class_weightNonen_jobs-1penaltyl1solversaga--tfidf-ngram,"{'C': 10, 'class_weight': None, 'n_jobs': -1, 'penalty': 'l1', 'solver': 'saga'}",0.8992303097279053,3855,2016
0,0.7785151389464953,0.7847407791474554,0.7091503267973855,497,1105,LogisticRegression-C10class_weightbalancedn_jobs-1penaltynonesolversaga--tfidf-ngram,"{'C': 10, 'class_weight': 'balanced', 'n_jobs': -1, 'penalty': 'none', 'solver': 'saga'}",0.8691995033430474,3678,1953
0,0.8076869901838795,0.8236720593343109,0.7414978628507712,455,936,LogisticRegression-C10class_weightbalancedn_jobs-1penaltyl2solversaga--tfidf-ngram,"{'C': 10, 'class_weight': 'balanced', 'n_jobs': -1, 'penalty': 'l2', 'solver': 'saga'}",0.8955937482666075,3847,1995
0,0.8123876676344532,0.8293803287313157,0.7480972712084648,435,922,LogisticRegression-C10class_weightbalancedn_jobs-1penaltyl1solversaga--tfidf-ngram,"{'C': 10, 'class_weight': 'balanced', 'n_jobs': -1, 'penalty': 'l1', 'solver': 'saga'}",0.8991687396263125,3861,2015
0,0.7807272224526476,0.7851782419944292,0.7116363636363636,493,1093,LogisticRegression-C5class_weightNonen_jobs-1penaltynonesolversaga--tfidf-ngram,"{'C': 5, 'class_weight': None, 'n_jobs': -1, 'penalty': 'none', 'solver': 'saga'}",0.8695127727026417,3690,1957
0,0.8140467302640675,0.830690038719527,0.7495810835970955,437,908,LogisticRegression-C5class_weightNonen_jobs-1penaltyl2solversaga--tfidf-ngram,"{'C': 5, 'class_weight': None, 'n_jobs': -1, 'penalty': 'l2', 'solver': 'saga'}",0.9005796037838092,3875,2013
0,0.824001106041753,0.8439672752377337,0.7625443014362993,406,867,LogisticRegression-C5class_weightNonen_jobs-1penaltyl1solversaga--tfidf-ngram,"{'C': 5, 'class_weight': None, 'n_jobs': -1, 'penalty': 'l1', 'solver': 'saga'}",0.9089903442037487,3916,2044
0,0.7779621180699572,0.7849744668322223,0.7086357039187229,497,1109,LogisticRegression-C5class_weightbalancedn_jobs-1penaltynonesolversaga--tfidf-ngram,"{'C': 5, 'class_weight': 'balanced', 'n_jobs': -1, 'penalty': 'none', 'solver': 'saga'}",0.8693583140971212,3674,1953
0,0.814184985483202,0.8307020869147765,0.7498138495904693,436,908,LogisticRegression-C5class_weightbalancedn_jobs-1penaltyl2solversaga--tfidf-ngram,"{'C': 5, 'class_weight': 'balanced', 'n_jobs': -1, 'penalty': 'l2', 'solver': 'saga'}",0.9005875400547005,3875,2014
0,0.8241393612608876,0.8439779329359265,0.7627750839239089,405,867,LogisticRegression-C5class_weightbalancedn_jobs-1penaltyl1solversaga--tfidf-ngram,"{'C': 5, 'class_weight': 'balanced', 'n_jobs': -1, 'penalty': 'l1', 'solver': 'saga'}",0.9089801891904578,3916,2045
0,0.7789299046038988,0.784561491273895,0.7093255771677878,499,1100,LogisticRegression-C1.0class_weightNonen_jobs-1penaltynonesolversaga--tfidf-ngram,"{'C': 1.0, 'class_weight': None, 'n_jobs': -1, 'penalty': 'none', 'solver': 'saga'}",0.8691685262856973,3683,1951
0,0.8172266003041615,0.8317369401615771,0.7534502051473331,430,892,LogisticRegression-C1.0class_weightNonen_jobs-1penaltyl2solversaga--tfidf-ngram,"{'C': 1.0, 'class_weight': None, 'n_jobs': -1, 'penalty': 'l2', 'solver': 'saga'}",0.9027732573271834,3891,2020
0,0.8235863403843495,0.8512810505734455,0.766043270993766,361,915,LogisticRegression-C1.0class_weightNonen_jobs-1penaltyl1solversaga--tfidf-ngram,"{'C': 1.0, 'class_weight': None, 'n_jobs': -1, 'penalty': 'l1', 'solver': 'saga'}",0.91530876787261,3868,2089
0,0.7790681598230333,0.7848707934566419,0.7093488541287741,500,1098,LogisticRegression-C1.0class_weightbalancedn_jobs-1penaltynonesolversaga--tfidf-ngram,"{'C': 1.0, 'class_weight': 'balanced', 'n_jobs': -1, 'penalty': 'none', 'solver': 'saga'}",0.8690461541087269,3685,1950
0,0.8172266003041615,0.8317389717343481,0.7534502051473331,430,892,LogisticRegression-C1.0class_weightbalancedn_jobs-1penaltyl2solversaga--tfidf-ngram,"{'C': 1.0, 'class_weight': 'balanced', 'n_jobs': -1, 'penalty': 'l2', 'solver': 'saga'}",0.9027743666983833,3891,2020
0,0.8235863403843495,0.8512797810995312,0.766043270993766,361,915,LogisticRegression-C1.0class_weightbalancedn_jobs-1penaltyl1solversaga--tfidf-ngram,"{'C': 1.0, 'class_weight': 'balanced', 'n_jobs': -1, 'penalty': 'l1', 'solver': 'saga'}",0.9153096212350715,3868,2089
0,0.7790681598230333,0.7849863576488595,0.7096656976744187,497,1101,LogisticRegression-C0.1class_weightNonen_jobs-1penaltynonesolversaga--tfidf-ngram,"{'C': 0.1, 'class_weight': None, 'n_jobs': -1, 'penalty': 'none', 'solver': 'saga'}",0.8692238241731984,3682,1953
0,0.8068574588690723,0.7989992671311337,0.7339554370596078,523,874,LogisticRegression-C0.1class_weightNonen_jobs-1penaltyl2solversaga--tfidf-ngram,"{'C': 0.1, 'class_weight': None, 'n_jobs': -1, 'penalty': 'l2', 'solver': 'saga'}",0.8850147845046443,3909,1927
0,0.6264343978985206,0.6324374143242799,0.6223091976516633,224,2478,LogisticRegression-C0.1class_weightNonen_jobs-1penaltyl1solversaga--tfidf-ngram,"{'C': 0.1, 'class_weight': None, 'n_jobs': -1, 'penalty': 'l1', 'solver': 'saga'}",0.7850956832659888,2305,2226
0,0.7798976911378405,0.7843569724984584,0.7103347889374091,498,1094,LogisticRegression-C0.1class_weightbalancedn_jobs-1penaltynonesolversaga--tfidf-ngram,"{'C': 0.1, 'class_weight': 'balanced', 'n_jobs': -1, 'penalty': 'none', 'solver': 'saga'}",0.8688639612232097,3689,1952
0,0.8068574588690723,0.7989993891412185,0.7339554370596078,523,874,LogisticRegression-C0.1class_weightbalancedn_jobs-1penaltyl2solversaga--tfidf-ngram,"{'C': 0.1, 'class_weight': 'balanced', 'n_jobs': -1, 'penalty': 'l2', 'solver': 'saga'}",0.8850155525308596,3909,1927
0,0.6264343978985206,0.6324367070770999,0.6223091976516633,224,2478,LogisticRegression-C0.1class_weightbalancedn_jobs-1penaltyl1solversaga--tfidf-ngram,"{'C': 0.1, 'class_weight': 'balanced', 'n_jobs': -1, 'penalty': 'l1', 'solver': 'saga'}",0.7850964512922041,2305,2226
0,0.7790681598230333,0.7846806517038447,0.7097711587359246,496,1102,LogisticRegression-C0.01class_weightNonen_jobs-1penaltynonesolversaga--tfidf-ngram,"{'C': 0.01, 'class_weight': None, 'n_jobs': -1, 'penalty': 'none', 'solver': 'saga'}",0.8691410480144388,3681,1954
0,0.8000829531314807,0.7745488465629379,0.7145677062771417,640,806,LogisticRegression-C0.01class_weightNonen_jobs-1penaltyl2solversaga--tfidf-ngram,"{'C': 0.01, 'class_weight': None, 'n_jobs': -1, 'penalty': 'l2', 'solver': 'saga'}",0.8721077626116305,3977,1810
0,0.6612747131204203,0.3387252868795797,0.0,2450,0,LogisticRegression-C0.01class_weightNonen_jobs-1penaltyl1solversaga--tfidf-ngram,"{'C': 0.01, 'class_weight': None, 'n_jobs': -1, 'penalty': 'l1', 'solver': 'saga'}",0.5,4783,0
0,0.7783768837273607,0.7846581716983859,0.7084924531733042,502,1101,LogisticRegression-C0.01class_weightbalancedn_jobs-1penaltynonesolversaga--tfidf-ngram,"{'C': 0.01, 'class_weight': 'balanced', 'n_jobs': -1, 'penalty': 'none', 'solver': 'saga'}",0.8691920790896329,3682,1948
0,0.8003594635697497,0.77454885012,0.7148499210110585,640,804,LogisticRegression-C0.01class_weightbalancedn_jobs-1penaltyl2solversaga--tfidf-ngram,"{'C': 0.01, 'class_weight': 'balanced', 'n_jobs': -1, 'penalty': 'l2', 'solver': 'saga'}",0.8721070799216613,3979,1810
0,0.3387252868795797,0.3387252868795797,0.5060415160590725,0,4783,LogisticRegression-C0.01class_weightbalancedn_jobs-1penaltyl1solversaga--tfidf-ngram,"{'C': 0.01, 'class_weight': 'balanced', 'n_jobs': -1, 'penalty': 'l1', 'solver': 'saga'}",0.5,0,2450
0,0.7786533941656297,0.7850406995078796,0.7092790993281278,497,1104,LogisticRegression-C0.001class_weightNonen_jobs-1penaltynonesolversaga--tfidf-ngram,"{'C': 0.001, 'class_weight': None, 'n_jobs': -1, 'penalty': 'none', 'solver': 'saga'}",0.8689493828055997,3679,1953
0,0.799115166597539,0.7699997779649423,0.7108457711442786,664,789,LogisticRegression-C0.001class_weightNonen_jobs-1penaltyl2solversaga--tfidf-ngram,"{'C': 0.001, 'class_weight': None, 'n_jobs': -1, 'penalty': 'l2', 'solver': 'saga'}",0.8698081214505455,3994,1786
0,0.3387252868795797,0.3387252868795797,0.5060415160590725,0,4783,LogisticRegression-C0.001class_weightNonen_jobs-1penaltyl1solversaga--tfidf-ngram,"{'C': 0.001, 'class_weight': None, 'n_jobs': -1, 'penalty': 'l1', 'solver': 'saga'}",0.5,0,2450
0,0.7783768837273607,0.78394322589181,0.7091272001451642,496,1107,LogisticRegression-C0.001class_weightbalancedn_jobs-1penaltynonesolversaga--tfidf-ngram,"{'C': 0.001, 'class_weight': 'balanced', 'n_jobs': -1, 'penalty': 'none', 'solver': 'saga'}",0.8687110386701199,3676,1954
0,0.7992534218166736,0.7699990435218732,0.7107569721115538,666,786,LogisticRegression-C0.001class_weightbalancedn_jobs-1penaltyl2solversaga--tfidf-ngram,"{'C': 0.001, 'class_weight': 'balanced', 'n_jobs': -1, 'penalty': 'l2', 'solver': 'saga'}",0.869808377459284,3997,1784
0,0.3387252868795797,0.3387252868795797,0.5060415160590725,0,4783,LogisticRegression-C0.001class_weightbalancedn_jobs-1penaltyl1solversaga--tfidf-ngram,"{'C': 0.001, 'class_weight': 'balanced', 'n_jobs': -1, 'penalty': 'l1', 'solver': 'saga'}",0.5,0,2450
